Country Code,Name,1995,1996,1997,1998,1999,2000,2001,2002,2003,2004,2005,2006,2007,2008,2009,2010,2011,2012,2013,2014,2015,2016,2017,2018,2019,2020,2021,2022,2023
AFG,Afghanistan,0.309691253,0.30969023,0.311387821,0.313085411,0.311566274,0.310047574,0.316235386,0.322439996,0.32607318,0.321750514,0.268979862,0.234805369,0.228623078,0.222487547,0.222629296,0.221671624,0.212059013,0.227373216,0.229006721,0.245382643,0.24434059,0.255507504,0.245953019,0.240703529,0.248401363,0.23674866,0.246106143,0.249549716,0.251374062
ALB,Albania,0.332968319,0.333486759,0.329979196,0.326025517,0.327192035,0.32810219,0.334199235,0.340497392,0.33836157,0.346079135,0.334606862,0.321928721,0.334582667,0.34770634,0.368126763,0.368592579,0.367913325,0.374308211,0.386646486,0.41035026,0.415638351,0.410071655,0.411254288,0.413735724,0.406808622,0.407429859,0.412305667,0.418176852,0.422698033
DZA,Algeria,0.300271955,0.301322748,0.297806599,0.294599857,0.298484223,0.302521982,0.308477177,0.314742927,0.320063868,0.328818193,0.329631957,0.296402961,0.296485688,0.299256188,0.291904784,0.280815284,0.274026441,0.274329483,0.287144671,0.284460296,0.289123401,0.298651156,0.321144637,0.322282349,0.322472168,0.32552259,0.32964951,0.337037302,0.345662459
AND,Andorra,0.123870385,0.126190937,0.129691691,0.136468003,0.14105993,0.145479248,0.148871624,0.150336805,0.162162413,0.176724784,0.192160917,0.211214481,0.237464636,0.241735244,0.25323202,0.2610418,0.266432849,0.271378045,0.278870171,0.281285637,0.288685609,0.295882125,0.299429169,0.300398545,0.340485667,0.348304805,0.350802167,0.391278637,0.452459321
AGO,Angola,0.190434187,0.190433461,0.189081694,0.187725344,0.188442206,0.18920934,0.197140149,0.205093205,0.217804973,0.217433236,0.208845588,0.186706886,0.189631185,0.196341523,0.203978317,0.189744827,0.187792776,0.200405906,0.209132924,0.216227377,0.211618351,0.239753192,0.242481915,0.25411685,0.257538935,0.260653032,0.267595439,0.2717514,0.272532182
ATG,Antigua and Barbuda,0.457075219,0.45758019,0.458382502,0.45917621,0.460416568,0.462559525,0.463383277,0.466557051,0.469899838,0.471002559,0.484530642,0.463423337,0.466541453,0.473940355,0.476458923,0.486825601,0.48055848,0.488372912,0.482118188,0.456558429,0.463291905,0.455841089,0.43548398,0.44641144,0.446250376,0.445076804,0.441742687,0.444348304,0.448599091
ARG,Argentina,0.380026928,0.383013921,0.377340305,0.373078869,0.37335901,0.374812538,0.348071931,0.32938642,0.339088966,0.342484459,0.365014948,0.34089998,0.35239206,0.345475378,0.341663602,0.35002619,0.35318082,0.347343551,0.336444924,0.328504282,0.331489735,0.367692958,0.371378557,0.374281928,0.37174539,0.376824673,0.371217706,0.368736064,0.375078343
ARM,Armenia,0.37716731,0.373243041,0.364904569,0.372864434,0.379131763,0.381220632,0.389472212,0.40700559,0.41948818,0.406875987,0.42968553,0.412158047,0.419833658,0.437675729,0.426954672,0.428060109,0.428201379,0.438321019,0.454144736,0.467967118,0.475720755,0.48601097,0.484241897,0.495562475,0.50711377,0.501147074,0.500519601,0.498201667,0.500820066
AUS,Australia,0.582921417,0.58607746,0.5879198,0.591909836,0.598855221,0.606940608,0.612457491,0.615178818,0.619959201,0.629011783,0.63382336,0.677540076,0.684576119,0.692451904,0.684060229,0.690946885,0.694581992,0.697986061,0.708496178,0.709691331,0.705987996,0.704927681,0.691018329,0.69571495,0.693411911,0.680580178,0.693952845,0.693145678,0.693309073
AUT,Austria,0.602758221,0.609121625,0.610594536,0.611419103,0.615418251,0.619151218,0.627538455,0.63406871,0.631393728,0.637342201,0.646561203,0.676408219,0.687856706,0.684915661,0.668279735,0.675040552,0.675435335,0.680550954,0.695320675,0.708673327,0.70458014,0.687703238,0.690867434,0.690881034,0.686113409,0.681671964,0.679813781,0.675100335,0.676197628
AZE,Azerbaijan,0.315900099,0.313539995,0.318787885,0.324051853,0.325804149,0.327281693,0.329582039,0.366630761,0.372986304,0.37683518,0.383441158,0.336825495,0.340452751,0.337908971,0.374046297,0.364121493,0.366798274,0.361318035,0.38234754,0.40810487,0.415988836,0.436657583,0.425755058,0.427503307,0.447635668,0.432880649,0.446866032,0.442495168,0.443726743
BHS,Bahamas,0.444217216,0.444673214,0.447692646,0.451057269,0.454718683,0.45935262,0.462772513,0.468243404,0.465273827,0.468504139,0.488672366,0.551040545,0.55537144,0.459107041,0.449398363,0.447449515,0.448141362,0.452618966,0.443511555,0.448619606,0.442852625,0.435843331,0.428752361,0.426135697,0.426754225,0.422160603,0.425368446,0.425723121,0.432598392
BHR,Bahrain,0.38093758,0.381132794,0.385463019,0.390208268,0.393955199,0.399573505,0.414498615,0.427785617,0.423124906,0.423071829,0.433537875,0.490676912,0.504476663,0.449582577,0.455890183,0.453195293,0.459737429,0.463633974,0.464361323,0.48289571,0.479747103,0.469088703,0.461812563,0.463401775,0.469593904,0.498758774,0.518695063,0.528040277,0.526711548
BGD,Bangladesh,0.338105443,0.337950251,0.340188883,0.342309645,0.336057453,0.329813183,0.325005762,0.319566408,0.314382786,0.308095182,0.329677592,0.406909798,0.42000721,0.426015428,0.427492342,0.4545296,0.457459976,0.458982852,0.460143238,0.254189605,0.25123842,0.267235789,0.268128505,0.271837345,0.272146933,0.277684437,0.277504096,0.275165366,0.27930849
BRB,Barbados,0.469543609,0.470079692,0.472646183,0.475145421,0.477123097,0.48368853,0.485540843,0.492996925,0.499162185,0.504495127,0.528561029,0.593204222,0.606586971,0.606326007,0.604978622,0.626808829,0.636387121,0.506965585,0.510790496,0.505640722,0.520018761,0.504616283,0.512934414,0.513905774,0.518360325,0.530095439,0.585068537,0.586826961,0.590085511
BLR,Belarus,0.369832776,0.375890873,0.376333525,0.38259811,0.383247584,0.381857214,0.380799563,0.3784967,0.401800798,0.397335828,0.395181295,0.347366488,0.368173286,0.389741704,0.43214798,0.431435068,0.442660979,0.471694424,0.475779231,0.469061344,0.467839134,0.484066495,0.506670971,0.509168262,0.512121369,0.48566878,0.479767666,0.463257704,0.459539783
BEL,Belgium,0.54167098,0.546159639,0.543472367,0.534102684,0.535490899,0.543575862,0.547651705,0.555570609,0.548008777,0.549179874,0.543127919,0.568145695,0.574390078,0.583694749,0.590616531,0.583470353,0.584400908,0.591422009,0.597852085,0.610228139,0.60980924,0.600699747,0.594458078,0.586991265,0.586698848,0.593534294,0.594891658,0.59465386,0.586680831
BLZ,Belize,0.373418823,0.38169337,0.377889856,0.380445351,0.378452163,0.377755556,0.378237882,0.379100785,0.383902655,0.374785025,0.394784112,0.338532328,0.339624963,0.337477186,0.337172719,0.336310512,0.32514206,0.331401109,0.333999489,0.330769607,0.330452489,0.326805134,0.326763033,0.32695155,0.327193113,0.334235273,0.33077749,0.338348965,0.339967387
BEN,Benin,0.355742757,0.355768071,0.353153356,0.350459867,0.348619968,0.346907795,0.342761147,0.338713252,0.337813563,0.330877967,0.316821514,0.302269948,0.305661737,0.301645049,0.289494217,0.272627705,0.276702836,0.274163072,0.286121904,0.288107639,0.302292225,0.308792852,0.320125874,0.330767011,0.324708856,0.330561345,0.332861971,0.338085746,0.341775314
BTN,Bhutan,0.371728013,0.371744789,0.370460198,0.369245782,0.366554055,0.36410093,0.363521462,0.362989901,0.387541003,0.377125006,0.391779683,0.378872525,0.39839565,0.407953838,0.40050103,0.391490891,0.390579218,0.394321896,0.402102731,0.430674652,0.432159295,0.462568938,0.478580819,0.478753279,0.480735328,0.478682642,0.474851665,0.47969247,0.478615269
BOL,"Bolivia, Plurinational State of",0.313821262,0.314037763,0.318781138,0.320705429,0.315427912,0.308823472,0.3101932,0.304331011,0.302671651,0.308856896,0.278861118,0.269464038,0.273846166,0.274773205,0.275613016,0.280499568,0.284475815,0.276619622,0.285066833,0.281099197,0.276588661,0.278525441,0.284072326,0.284303303,0.27698227,0.28082305,0.28323938,0.282634479,0.284553676
BIH,Bosnia and Herzegovina,0.335744291,0.335816983,0.330185599,0.324592931,0.326741614,0.330846052,0.339313818,0.341488377,0.34117054,0.355552225,0.341449022,0.319131824,0.32317899,0.332339999,0.332422487,0.332035322,0.340892383,0.347066628,0.361345735,0.37900968,0.365000333,0.368883836,0.374880511,0.3730426,0.365267099,0.361666457,0.364329857,0.365646426,0.370434524
BWA,Botswana,0.375944514,0.37620914,0.377923035,0.379769533,0.381025564,0.382962947,0.380992287,0.378123404,0.395281175,0.383488423,0.396907575,0.382666447,0.387834954,0.391028286,0.39226698,0.389940903,0.388626217,0.395865511,0.40119146,0.422238834,0.416301884,0.434205177,0.427560418,0.426290187,0.431241373,0.42793942,0.433717577,0.434287255,0.430593292
BRA,Brazil,0.348541345,0.347835445,0.348912439,0.34981555,0.355129385,0.360198299,0.363403519,0.368020658,0.365430408,0.361208477,0.368916217,0.399587417,0.403547033,0.411335754,0.425329817,0.442071225,0.444352991,0.442629531,0.44083026,0.35470593,0.346651542,0.350053674,0.343824623,0.341656947,0.347299566,0.351806018,0.35004204,0.350411915,0.35046648
BRN,Brunei Darussalam,0.441854447,0.443204769,0.435244471,0.427526407,0.43168668,0.434968753,0.437568526,0.436616467,0.438918732,0.448286738,0.458959556,0.525879251,0.443756936,0.448899939,0.474303733,0.47325936,0.474092433,0.474634439,0.482963905,0.503138689,0.490422427,0.494775481,0.496228839,0.520173441,0.51194994,0.530715089,0.526750703,0.533347295,0.538148661
BGR,Bulgaria,0.390678329,0.397951661,0.421155386,0.421176056,0.417253889,0.409063639,0.411221017,0.42440351,0.431002674,0.435025191,0.436579093,0.43369126,0.437842989,0.438862723,0.444812631,0.43967333,0.443279943,0.447377879,0.453426219,0.463859688,0.465532672,0.46492625,0.465187259,0.464620064,0.46751132,0.461725026,0.460350473,0.459807362,0.464236757
BFA,Burkina Faso,0.305236997,0.305219049,0.307083407,0.309000396,0.312548611,0.316001821,0.312892104,0.309840832,0.310092178,0.310401738,0.293312807,0.253502907,0.266588944,0.271202091,0.286304886,0.285115746,0.277717819,0.276909456,0.271393914,0.274538619,0.277198779,0.298177484,0.299015401,0.297583828,0.289540504,0.284848848,0.285457836,0.280781821,0.274827117
BDI,Burundi,0.238037538,0.238033973,0.237584863,0.237137531,0.242935504,0.248803238,0.251287348,0.254076596,0.254454274,0.251938876,0.257513145,0.232999316,0.230749272,0.230329373,0.227988333,0.205646492,0.201048368,0.201419458,0.229274892,0.271901637,0.255569678,0.266722272,0.267412471,0.264953922,0.264875892,0.262983794,0.269255921,0.27304318,0.272391784
KHM,Cambodia,0.282436505,0.282655541,0.282297776,0.282280286,0.286973233,0.291675593,0.290958785,0.290454278,0.288275508,0.289172443,0.278821609,0.269506756,0.2709542,0.276653225,0.276456248,0.272705486,0.276001943,0.287749074,0.280033016,0.286000376,0.280063076,0.291788854,0.287641438,0.286380093,0.287620457,0.282753796,0.286406014,0.287774781,0.291590099
CMR,Cameroon,0.261955498,0.261959583,0.267663272,0.273383132,0.275152189,0.276827447,0.275129407,0.273953805,0.28501908,0.287958367,0.275607324,0.252318058,0.251218944,0.250166205,0.247617417,0.241906924,0.24963904,0.250307474,0.253833065,0.255904103,0.25257915,0.262554463,0.259288441,0.258802355,0.257511503,0.258250267,0.260516624,0.261762673,0.260368466
CAN,Canada,0.588463503,0.59024025,0.593642234,0.590956059,0.598562035,0.604507934,0.60521936,0.605915824,0.604586504,0.619009062,0.631575178,0.676304637,0.676665116,0.680603731,0.682286779,0.662467094,0.670205506,0.668858501,0.671198418,0.683747809,0.67556188,0.66480444,0.661261402,0.652371814,0.649747656,0.643086351,0.647786936,0.646263001,0.645221962
CPV,Cape Verde,0.405723061,0.405808588,0.404268755,0.402760912,0.407068304,0.411578414,0.39745529,0.384357694,0.388526994,0.38877951,0.414875786,0.385152311,0.387528696,0.393647604,0.396727653,0.39395371,0.410188804,0.417085823,0.41970408,0.437993633,0.440694351,0.436962011,0.436594116,0.436413066,0.436321032,0.444725835,0.448853772,0.45010031,0.450351529
CAF,Central African Republic,0.253419994,0.2534285,0.254076785,0.254724856,0.252286373,0.249795911,0.250292682,0.250783847,0.242665905,0.229155204,0.219437114,0.160654326,0.157683071,0.158095715,0.157733105,0.136772218,0.13653296,0.143800919,0.127031942,0.114829053,0.118849439,0.141988927,0.139561225,0.138401799,0.137871592,0.132004662,0.135360764,0.134655165,0.132552578
TCD,Chad,0.24558781,0.245588658,0.244593422,0.243660346,0.245470917,0.247293239,0.246502985,0.245763937,0.236462951,0.239989802,0.220588503,0.175233458,0.174084935,0.16559273,0.171962161,0.161462693,0.163516127,0.169121014,0.168189416,0.165518264,0.170289188,0.184024668,0.186089389,0.18477335,0.187860386,0.190668873,0.188728124,0.187416951,0.186651843
CHL,Chile,0.442110099,0.443507737,0.43580713,0.430403736,0.441042128,0.45301974,0.459243623,0.468735867,0.458632254,0.465113181,0.47796823,0.492902948,0.504855446,0.508842779,0.504818511,0.516252549,0.522287669,0.538209062,0.543715778,0.561890932,0.5545716,0.538637787,0.537628241,0.538476867,0.52985715,0.529579588,0.53305086,0.532583086,0.530893745
CHN,China,0.362659349,0.363614779,0.360341424,0.357114735,0.358536915,0.362927578,0.357904163,0.355137957,0.36428173,0.368020802,0.396920193,0.475787948,0.490705499,0.510464699,0.523513914,0.559395806,0.564736671,0.569239681,0.576222444,0.431622639,0.443973246,0.446013759,0.456566208,0.462045981,0.528024896,0.545085629,0.550542013,0.553010246,0.555667228
COL,Colombia,0.288346097,0.288679436,0.288855599,0.289685415,0.290264502,0.29334834,0.296530949,0.299704376,0.297745686,0.303772089,0.314861695,0.294032512,0.300187315,0.312248296,0.32584541,0.338895699,0.353371125,0.35283838,0.354767829,0.377738887,0.376871595,0.375746563,0.3741077,0.370910887,0.368955553,0.371842618,0.368839576,0.373855414,0.373337209
COM,Comoros,0.315225514,0.315241011,0.316143712,0.317063958,0.310901528,0.304705916,0.315367637,0.325992502,0.306151405,0.30400438,0.317857826,0.274715213,0.264821686,0.260476815,0.260083541,0.264205987,0.266837,0.267497549,0.282969179,0.29752986,0.291465423,0.300834093,0.299200952,0.288757645,0.28567653,0.280755794,0.282072384,0.284191469,0.288918498
COG,Congo,0.267467708,0.267472019,0.256924531,0.246376899,0.256008054,0.266942148,0.263300378,0.260054313,0.262532788,0.267719953,0.24832715,0.220347663,0.223553751,0.224751654,0.230963898,0.217091088,0.213439591,0.205681753,0.208815034,0.217595334,0.211486931,0.233713947,0.225513,0.230430895,0.231635891,0.230159905,0.237349141,0.242525949,0.244434339
COD,"Congo, the Democratic Republic o",0.234170423,0.234010099,0.233841202,0.233681928,0.233522967,0.233827118,0.234168604,0.23460659,0.235099164,0.235602314,0.215731049,0.153708548,0.152286629,0.151985849,0.151852167,0.126301027,0.146540589,0.147814922,0.151187798,0.150784731,0.163482385,0.208947646,0.204108192,0.211259052,0.209486022,0.210444934,0.213269046,0.213817902,0.214130402
CRI,Costa Rica,0.392461326,0.391200282,0.399331232,0.404857488,0.40025959,0.397231588,0.390915215,0.391480793,0.390554612,0.387690065,0.395569689,0.372323328,0.374143121,0.3857105,0.394622852,0.406995751,0.40136934,0.41515616,0.428710202,0.451643278,0.456924941,0.450154358,0.446217221,0.44776922,0.449681513,0.449881845,0.446944145,0.450784392,0.454866859
CIV,Cote d'Ivoire,0.310738031,0.30978972,0.304683243,0.299140206,0.283988572,0.269040486,0.264432716,0.259829298,0.250749209,0.23557859,0.217192636,0.179341546,0.196565687,0.194644508,0.200573214,0.183355374,0.184330071,0.197821185,0.209681859,0.247591276,0.268498618,0.285552997,0.281909416,0.290921511,0.297339405,0.29970945,0.309362492,0.318001015,0.319413276
HRV,Croatia,0.393032251,0.39419991,0.398845537,0.402464767,0.414948087,0.431691571,0.447004672,0.456527188,0.470590044,0.478662846,0.466561043,0.44765605,0.458291214,0.458341768,0.453087557,0.466578278,0.463986264,0.462622864,0.472057137,0.478909906,0.483551636,0.487406851,0.483904482,0.486841485,0.493412635,0.485548166,0.484294812,0.490584676,0.492805745
CUB,Cuba,0.26344543,0.261056208,0.259695121,0.256832322,0.268510318,0.274343834,0.27609534,0.277024378,0.273624801,0.294968136,0.313890746,0.344464292,0.363510842,0.374959319,0.369099243,0.349101429,0.33375047,0.318344955,0.304987232,0.308442313,0.310797017,0.320220221,0.335452227,0.334382236,0.338925283,0.339600684,0.340814968,0.333594393,0.337759848
CYP,Cyprus,0.45073892,0.451602194,0.4494021,0.447464474,0.451380765,0.456235742,0.458842719,0.464321785,0.474666331,0.468742721,0.495878264,0.571308888,0.574697988,0.592434519,0.498368618,0.496585312,0.489106604,0.4953875,0.499265263,0.514909089,0.514534156,0.501689686,0.51435175,0.50879198,0.515847279,0.510809811,0.513710127,0.513711391,0.513207474
CZE,Czech Republic,0.462383515,0.463113082,0.458021699,0.455741912,0.445592962,0.436964475,0.452988003,0.46719359,0.474689709,0.468263404,0.475823926,0.484519639,0.494096739,0.502915737,0.501428255,0.51540941,0.525901131,0.529994187,0.544329119,0.560125872,0.562873665,0.554018319,0.561732833,0.557264967,0.55715111,0.550721074,0.55269089,0.553449865,0.55732221
DNK,Denmark,0.64991753,0.652103409,0.653717265,0.657279474,0.663265479,0.668450807,0.672052057,0.67908876,0.681858049,0.686966674,0.691683183,0.751721384,0.758223574,0.755956159,0.752459966,0.761018607,0.770987662,0.773676198,0.78431948,0.792407509,0.791402234,0.768462521,0.767298168,0.765406934,0.762588211,0.768743024,0.764521693,0.765845241,0.765320335
DJI,Djibouti,0.313262513,0.313274962,0.310592405,0.307870136,0.315210755,0.322572875,0.322300297,0.322073919,0.31328611,0.327470426,0.331573514,0.288555155,0.296134139,0.312929647,0.318635235,0.300649357,0.294365332,0.296991878,0.292728693,0.301801991,0.307201242,0.299456668,0.316733337,0.323710556,0.32581838,0.325109397,0.322565671,0.322806994,0.322369581
DMA,Dominica,0.589318198,0.589318198,0.58942969,0.589541182,0.585864085,0.582186988,0.582163681,0.582140374,0.584502115,0.581204082,0.609035902,0.551214198,0.542563137,0.545498592,0.541761094,0.538016807,0.535830623,0.529742292,0.537840004,0.54358484,0.541149249,0.532657959,0.53369513,0.528764587,0.513573601,0.519956103,0.518134082,0.519664725,0.515809294
DOM,Dominican Republic,0.314376465,0.314452521,0.307992721,0.303757471,0.307089302,0.310859942,0.316929874,0.318411057,0.306542781,0.311281426,0.306288198,0.311556243,0.319823371,0.334138332,0.350715552,0.342462241,0.337142415,0.345995536,0.345233616,0.358238336,0.359342408,0.352596343,0.347980585,0.345225935,0.347989762,0.352725005,0.359169544,0.360421556,0.361979136
ECU,Ecuador,0.294664091,0.295241032,0.300528758,0.306715131,0.292746448,0.28898859,0.285359626,0.282292971,0.283188632,0.288809221,0.284517486,0.281939847,0.285820198,0.291374273,0.292468361,0.287642737,0.293850554,0.300350518,0.308631757,0.313612795,0.31042861,0.330374401,0.32806332,0.331332036,0.334010886,0.339482172,0.343945855,0.34267362,0.333845757
EGY,Egypt,0.347038055,0.347605073,0.348314647,0.349035198,0.348508741,0.347682935,0.343689806,0.342011583,0.333544785,0.332244955,0.32371674,0.280726297,0.29411908,0.321139582,0.333399884,0.336075997,0.324198275,0.324908578,0.318485984,0.327662291,0.328036051,0.325729513,0.33105422,0.334908744,0.338682516,0.343854933,0.349371325,0.347198678,0.350966487
SLV,El Salvador,0.295295122,0.293127314,0.294712466,0.296406127,0.301797745,0.303499525,0.301932277,0.302876469,0.306182129,0.320569681,0.31508001,0.332113674,0.335653508,0.342906523,0.354965049,0.351303727,0.353781687,0.350110131,0.348704776,0.356601059,0.348107145,0.335898077,0.331821592,0.337481965,0.342578028,0.342807686,0.338638594,0.335236572,0.351470552
GNQ,Equatorial Guinea,0.273645306,0.273686312,0.272631882,0.271647832,0.271749637,0.271976208,0.271031528,0.270317026,0.279997808,0.274740082,0.291385776,0.249095777,0.257038935,0.25719394,0.256052808,0.253034377,0.250572907,0.250875491,0.251971793,0.246256819,0.244423749,0.25065669,0.2416282,0.247979507,0.250803767,0.253367004,0.253855607,0.254565013,0.257091995
ERI,Eritrea,0.308352429,0.30808952,0.308296028,0.308489683,0.308736481,0.308634409,0.309124458,0.308906487,0.292625946,0.288495451,0.253855728,0.221054567,0.216448291,0.219331436,0.215590838,0.207928,0.206884266,0.202178775,0.19997868,0.205207603,0.195299502,0.213167459,0.214879011,0.215710053,0.215790355,0.218747035,0.217425386,0.213923508,0.213409394
EST,Estonia,0.454642455,0.459469636,0.462447785,0.466243607,0.471076644,0.48118581,0.487350698,0.493113659,0.497108019,0.505322105,0.51702883,0.582368263,0.59053776,0.605326229,0.608549228,0.615845913,0.610421067,0.599292214,0.610914786,0.639000454,0.634070241,0.614207073,0.615743671,0.613143588,0.616956423,0.612403509,0.615839375,0.616251048,0.613021653
ETH,Ethiopia,0.280973896,0.28409651,0.291272695,0.298408724,0.298259607,0.29517737,0.296127976,0.297035819,0.297052783,0.300848787,0.286274177,0.284190263,0.286155848,0.284579337,0.281299344,0.284338152,0.286677112,0.281702314,0.281648732,0.287189714,0.285037652,0.301160931,0.295479605,0.311495393,0.311579179,0.300599831,0.292419632,0.293753693,0.29283154
FJI,Fiji,0.39360084,0.393727364,0.394300346,0.395019603,0.383071505,0.371442024,0.379227391,0.38783271,0.377422638,0.373909657,0.378968441,0.417024233,0.417807127,0.417288895,0.400142887,0.410033892,0.42537521,0.426871301,0.428903415,0.460297076,0.461736611,0.478155012,0.487106475,0.493541898,0.494331018,0.489114544,0.486632553,0.480837889,0.477107973
FIN,Finland,0.668038825,0.668875914,0.672850852,0.678990837,0.684629097,0.688953908,0.692052867,0.696848974,0.699824628,0.701141299,0.712874095,0.748593357,0.749539596,0.75296097,0.749543247,0.759716917,0.759907857,0.768563499,0.773770301,0.784385048,0.766442266,0.746365809,0.747016874,0.74301536,0.740298108,0.74568774,0.749602752,0.748350318,0.745594703
FRA,France,0.582187625,0.583962298,0.582144682,0.580182994,0.583485686,0.586241119,0.587937237,0.587285467,0.587576078,0.59396472,0.596140973,0.614918059,0.633308584,0.636882209,0.641247282,0.656031483,0.653406267,0.652615078,0.649258098,0.658760123,0.658076064,0.645495162,0.650424931,0.646717849,0.661650081,0.643831844,0.652150578,0.651430177,0.649031395
GAB,Gabon,0.366765785,0.366822993,0.373291492,0.379742929,0.385198248,0.392292923,0.390103627,0.38872217,0.384701873,0.375820892,0.40879813,0.312193526,0.310406637,0.304366784,0.302206434,0.297818268,0.297548169,0.301469143,0.298734829,0.30694596,0.29992574,0.302689573,0.29856791,0.294994801,0.29075912,0.294157913,0.294954157,0.294564888,0.288905353
GMB,Gambia,0.36862965,0.368590522,0.370565046,0.372535781,0.373763195,0.375004038,0.379314828,0.383592141,0.385863214,0.367635051,0.383269417,0.316154304,0.321139663,0.317884304,0.319971603,0.307142622,0.310039456,0.307311122,0.305525932,0.307150774,0.307183258,0.295634285,0.309236026,0.309194752,0.313300924,0.32432614,0.320697933,0.326717923,0.328896645
GEO,Georgia,0.31957508,0.319429279,0.320810788,0.329841441,0.338150446,0.345859908,0.344419745,0.332318689,0.348900745,0.368886969,0.37417142,0.367492426,0.428730898,0.437067304,0.448302745,0.469871093,0.476566192,0.496562305,0.516032425,0.551887174,0.546346467,0.549296904,0.554441826,0.561359964,0.563379349,0.562062148,0.567614668,0.568815919,0.570356722
DEU,Germany,0.617671148,0.619317744,0.619470136,0.619944611,0.625029219,0.63156624,0.63197065,0.635130947,0.629168575,0.631203013,0.638750636,0.681348433,0.687702967,0.684388925,0.678987676,0.695114209,0.693038168,0.694297265,0.701953335,0.722032607,0.710152198,0.693687527,0.691089844,0.691059506,0.688057459,0.683271438,0.687480406,0.685482294,0.681611243
GHA,Ghana,0.32835369,0.328366407,0.328520615,0.328675684,0.335054664,0.341455908,0.335606365,0.329887761,0.336599903,0.333681,0.327425907,0.326841836,0.332816844,0.341122912,0.349222192,0.346948931,0.351861883,0.349940178,0.355959905,0.344884974,0.347615886,0.344113787,0.350335026,0.34955021,0.345541676,0.347505817,0.345759703,0.345164073,0.347538791
GRC,Greece,0.424327124,0.427918794,0.436056105,0.441959061,0.447683687,0.455231689,0.461916792,0.465829285,0.465865191,0.471581394,0.466846906,0.493188935,0.49182894,0.488324228,0.488586114,0.486865344,0.477242751,0.469668278,0.487433984,0.501960114,0.506027312,0.497060775,0.496019692,0.504406623,0.509886848,0.517421469,0.523160189,0.530529008,0.534466292
GRD,Grenada,0.469681355,0.469989015,0.471131307,0.471863784,0.472170046,0.472998701,0.472920784,0.476146408,0.482435843,0.477634434,0.495341664,0.434956015,0.42900778,0.424595565,0.426410843,0.44396909,0.455912455,0.463536493,0.475398507,0.491405025,0.508438894,0.512640135,0.509083336,0.502596845,0.502540919,0.506120994,0.520290664,0.52476417,0.525377478
GTM,Guatemala,0.269880058,0.26959196,0.27461541,0.27882752,0.279954793,0.282092744,0.279693904,0.277630472,0.276003612,0.287358328,0.277785177,0.257656996,0.268254687,0.273789046,0.273759905,0.286439484,0.285673163,0.282549121,0.28925009,0.311136608,0.313958712,0.315435094,0.309622043,0.307477577,0.313888771,0.308887175,0.309105128,0.313620301,0.318057253
GIN,Guinea,0.291716773,0.291667425,0.295184179,0.298730351,0.289524016,0.280327096,0.286826641,0.293396161,0.30144572,0.295021239,0.279143185,0.232992776,0.221769458,0.232600402,0.234003913,0.233330195,0.240891011,0.246985003,0.262210633,0.27768688,0.293718201,0.306443372,0.303592863,0.302367658,0.309144382,0.308067156,0.304837619,0.307190972,0.307854967
GNB,Guinea-Bissau,0.299255201,0.299260464,0.292776077,0.286303038,0.305137271,0.324060304,0.323219254,0.322587853,0.322989018,0.317176548,0.33743079,0.266274679,0.264693394,0.258744598,0.257642301,0.240836518,0.23910328,0.243943077,0.241920825,0.255682303,0.257041562,0.264370329,0.267323031,0.266557794,0.267361689,0.264024634,0.271171292,0.272800683,0.276644071
GUY,Guyana,0.362173016,0.362789181,0.364207111,0.364317606,0.357926536,0.351994228,0.350735922,0.34893807,0.348729928,0.347163209,0.308727011,0.305343091,0.303382374,0.302625162,0.298858172,0.298017566,0.295120422,0.289200262,0.295608426,0.307982585,0.307532716,0.318843955,0.315880983,0.316032792,0.320907335,0.328063351,0.336244174,0.3398225,0.336676386
HTI,Haiti,0.246745279,0.246743086,0.244775967,0.242833484,0.244599951,0.246461108,0.235772781,0.225294609,0.222365957,0.210714833,0.20602513,0.208131308,0.214240681,0.219500907,0.223728811,0.220390687,0.216637341,0.225060175,0.231797681,0.230661707,0.228573324,0.240602962,0.23987423,0.239818602,0.235253479,0.231719005,0.223276086,0.217305505,0.21635581
HND,Honduras,0.2641722,0.26345643,0.27462205,0.273775606,0.272215734,0.271057597,0.272613643,0.267354034,0.267989047,0.273758725,0.264684914,0.259277929,0.275369302,0.279764919,0.291617746,0.284117428,0.27274071,0.262847313,0.267793047,0.273911204,0.274902233,0.269871472,0.270964583,0.270606678,0.263512861,0.262348073,0.257099943,0.262451458,0.260003179
HUN,Hungary,0.494748375,0.48533012,0.486918308,0.490652037,0.492634069,0.49972031,0.511569641,0.516625668,0.506342888,0.509885563,0.509051962,0.528511593,0.526380544,0.528049391,0.534301239,0.522071711,0.529553689,0.527741616,0.526081237,0.517875454,0.511905171,0.500117386,0.498991638,0.492725865,0.495893426,0.495800751,0.497104921,0.49184989,0.493617982
ISL,Iceland,0.564562764,0.561669922,0.57771428,0.612259304,0.614768963,0.64770592,0.646750453,0.672198374,0.676185901,0.683409337,0.687773843,0.709772676,0.737581691,0.722223425,0.727954844,0.728310743,0.72609573,0.709024493,0.709806249,0.750337139,0.728808551,0.71168273,0.710817476,0.729932167,0.717219841,0.70861275,0.70534634,0.694744691,0.693499466
IND,India,0.354976815,0.355408311,0.356309835,0.357612992,0.360673095,0.363793516,0.356539738,0.349312487,0.349862201,0.352863951,0.381838792,0.453955453,0.452673322,0.456471217,0.453346713,0.478955011,0.479767879,0.481826151,0.486483497,0.286490762,0.290075724,0.318363124,0.333781183,0.343001835,0.358931259,0.382843394,0.387489773,0.394803639,0.393714361
IDN,Indonesia,0.344519454,0.34464935,0.335207958,0.324740061,0.328613787,0.330386894,0.325339616,0.32075275,0.313569614,0.318925197,0.345477852,0.423288322,0.435164865,0.443985135,0.4455275,0.467009857,0.472234763,0.481946553,0.489600838,0.347462182,0.344675018,0.350693496,0.370378063,0.379292437,0.377789472,0.386175411,0.391496081,0.392993124,0.398129271
IRN,"Iran, Islamic Republic of",0.316731768,0.317769084,0.315940461,0.314489995,0.317547037,0.320822968,0.326010678,0.330308072,0.337056189,0.344578992,0.348266324,0.325806471,0.350871277,0.376219213,0.345025023,0.341358103,0.354723043,0.356588505,0.365252523,0.396737901,0.407841496,0.43383376,0.431487618,0.39292332,0.387282465,0.378935509,0.371192894,0.372816653,0.367496069
IRQ,Iraq,0.284740119,0.284536202,0.28809121,0.291641833,0.291423028,0.291405144,0.293816837,0.296509823,0.296460104,0.274475072,0.258169616,0.25162974,0.249472937,0.255608197,0.259782631,0.259756128,0.266334445,0.261826018,0.265481679,0.272874417,0.26584392,0.286130683,0.303463285,0.296249616,0.296284045,0.2935347,0.302676838,0.305204984,0.301188224
IRL,Ireland,0.514436861,0.517963123,0.522299517,0.528294334,0.532431671,0.537088403,0.537990357,0.539463057,0.537047481,0.534995198,0.545458061,0.599760746,0.610624441,0.609700741,0.604534012,0.59897264,0.594577522,0.58564187,0.601698666,0.623894537,0.632294386,0.609884246,0.605216383,0.606895998,0.591507567,0.592003903,0.596221232,0.598668047,0.6005151
PSE,State of Palestine,0.516047696,0.518727296,0.517401747,0.515925905,0.517698605,0.519906641,0.511535751,0.5075564,0.507941423,0.509651799,0.499371566,0.521790976,0.536021217,0.540443991,0.52317004,0.533397871,0.53282131,0.530797526,0.527204693,0.538648004,0.542382671,0.529602738,0.526379982,0.524105455,0.522508649,0.534866862,0.534245146,0.531985785,0.523852831
ITA,Italy,0.473382881,0.473833569,0.473086933,0.471535439,0.47612908,0.492883508,0.494699167,0.495698482,0.494624729,0.494069649,0.50689023,0.514690335,0.516163226,0.510008251,0.505782895,0.506944017,0.502350692,0.492223666,0.49240209,0.507788496,0.511834651,0.506018236,0.501845074,0.515632142,0.518236435,0.519194916,0.52715938,0.530205777,0.537360812
JAM,Jamaica,0.369307138,0.368925976,0.368656809,0.367549574,0.364371141,0.349131168,0.325895442,0.353119794,0.352650068,0.357204285,0.34797743,0.336315798,0.339063213,0.341112877,0.342135518,0.336004849,0.348571979,0.347627998,0.35933558,0.368665047,0.360600479,0.384415245,0.388279725,0.396720313,0.392559451,0.40114199,0.406051389,0.41088604,0.406802749
JPN,Japan,0.575672374,0.578434321,0.578948313,0.578723813,0.584637732,0.590622581,0.587657553,0.584815824,0.599219616,0.606910987,0.631590504,0.707929871,0.706028673,0.708893935,0.714015482,0.739230653,0.742633815,0.747374068,0.755736173,0.707609392,0.700527722,0.684869453,0.690897255,0.685947688,0.684728602,0.682668001,0.68474279,0.687878319,0.68505812
JOR,Jordan,0.356915887,0.357990749,0.364693338,0.37007468,0.36927993,0.368682667,0.359126707,0.348321126,0.373280842,0.378070491,0.382416424,0.382085649,0.398466371,0.406113539,0.397499551,0.396350267,0.398596861,0.407506427,0.405627396,0.417447597,0.418399911,0.406982475,0.404198364,0.401295991,0.396452104,0.405972245,0.404553386,0.409712303,0.412804513
KAZ,Kazakhstan,0.357315859,0.355542847,0.364046048,0.370926447,0.370542377,0.372837039,0.382195191,0.388457009,0.402579035,0.402710282,0.41564937,0.389080741,0.403771933,0.40503133,0.422945705,0.42501957,0.421556318,0.431230505,0.446612693,0.470833733,0.463709203,0.484571105,0.504296656,0.49954743,0.505907912,0.507400757,0.508168408,0.504526431,0.507322908
KEN,Kenya,0.290974905,0.290978076,0.289623022,0.287770965,0.286069437,0.284443909,0.286114369,0.287831831,0.28570274,0.291265343,0.279889115,0.264889151,0.260340107,0.261632995,0.26538532,0.257647972,0.248706528,0.241506298,0.24912944,0.259623237,0.25497688,0.273899667,0.287512864,0.293163408,0.296074005,0.295449701,0.300596939,0.305138144,0.305556854
KIR,Kiribati,0.501310989,0.501310989,0.502138052,0.502965115,0.502513377,0.502061638,0.501990844,0.50192005,0.501903804,0.495998507,0.477509925,0.489160774,0.490365248,0.473255649,0.461677246,0.435543564,0.432826702,0.431737296,0.433974473,0.441285277,0.43665299,0.432703948,0.443412888,0.442636168,0.452966384,0.456970891,0.449275385,0.44389442,0.447493771
PRK,"Korea, Democratic People's Repub",0.356677162,0.35666839,0.359998694,0.363328998,0.367729879,0.372127836,0.378935011,0.385367917,0.373612722,0.367317749,0.368930477,0.357147732,0.369833738,0.373208173,0.360188316,0.352425594,0.35241112,0.35760149,0.347877348,0.334929906,0.330228863,0.334681155,0.335754292,0.338186683,0.337649842,0.337150899,0.337326043,0.336881989,0.339537159
KOR,"Korea, Republic of",0.535659386,0.540438529,0.550794334,0.549067949,0.562164972,0.576140819,0.588461452,0.597088953,0.600373648,0.608535255,0.619478104,0.645842888,0.666394872,0.662470618,0.668144833,0.698022308,0.701392303,0.702285912,0.713929039,0.728336859,0.72223123,0.706505855,0.711051341,0.716559222,0.714079128,0.714337982,0.718529228,0.722298168,0.726999823
KWT,Kuwait,0.375146983,0.37603226,0.375334109,0.375197441,0.377385352,0.38029634,0.38373439,0.387946948,0.393832919,0.397468599,0.387999198,0.393014557,0.403322924,0.402820752,0.400608803,0.40794465,0.398818011,0.396103699,0.403609391,0.406924367,0.394715087,0.40237054,0.397818746,0.408191024,0.416598817,0.455167688,0.458660016,0.463879149,0.469669725
KGZ,Kyrgyzstan,0.359224142,0.360375302,0.363361619,0.361561474,0.361483481,0.369972539,0.371524132,0.372785773,0.3702614,0.356974186,0.332491214,0.28366769,0.309324858,0.310160699,0.324951513,0.323047218,0.339455234,0.330717328,0.341163158,0.36181502,0.353067778,0.38437309,0.390325256,0.389914809,0.392627396,0.391986075,0.391659516,0.392315264,0.393693459
LAO,Lao People's Democratic Republic,0.304439465,0.304818044,0.300864927,0.297322729,0.293224257,0.289140801,0.293263678,0.297710283,0.273032572,0.279193234,0.271953172,0.270171592,0.277603361,0.286959574,0.284184649,0.26870136,0.276077388,0.287886048,0.292309597,0.298044936,0.295326108,0.310609338,0.315328306,0.324054201,0.324502089,0.329276865,0.334128775,0.334264042,0.335772528
LVA,Latvia,0.458601613,0.457145091,0.454675998,0.463528642,0.449847155,0.454482619,0.469651448,0.488747133,0.493208901,0.492899421,0.498080382,0.513266554,0.530068633,0.542358946,0.548587996,0.53068535,0.53196376,0.559197692,0.573871112,0.577223688,0.580871635,0.569647825,0.57535202,0.567472563,0.571052593,0.574745276,0.581743856,0.57612489,0.579739326
LBN,Lebanon,0.299134821,0.299404085,0.30140815,0.303000966,0.309978938,0.315478619,0.318539228,0.320392699,0.318630121,0.320081916,0.311634676,0.28034279,0.277640987,0.285295256,0.303469902,0.312842542,0.317264637,0.318351393,0.325377629,0.323794663,0.319041076,0.314368025,0.308763957,0.304520302,0.298390074,0.290043068,0.290066907,0.291433984,0.288313859
LSO,Lesotho,0.319890651,0.318477926,0.314539651,0.310599284,0.312163758,0.31394174,0.310496768,0.307361512,0.30806109,0.309639355,0.296740139,0.27462707,0.270375462,0.277935997,0.288144777,0.283868855,0.28487877,0.283828563,0.307992419,0.315298696,0.309844339,0.320537579,0.320052577,0.31274875,0.304514838,0.307911645,0.304358076,0.304729404,0.302459625
LBR,Liberia,0.270363369,0.270362638,0.27659266,0.282810439,0.285067784,0.294369362,0.295835577,0.297307184,0.296234619,0.299631165,0.330655616,0.420312864,0.255953309,0.239418603,0.259780877,0.262285568,0.261752016,0.271217928,0.28142943,0.290233624,0.28593391,0.289909403,0.291266833,0.286134684,0.27472108,0.274371833,0.27706831,0.278091926,0.280463532
LBY,Libyan Arab Jamahiriya,0.293708056,0.294503745,0.294757311,0.295236677,0.301591372,0.305298119,0.308628652,0.312506132,0.323227829,0.32961926,0.350454583,0.418153063,0.435096109,0.442716037,0.436543454,0.445363429,0.423309294,0.417361223,0.294547139,0.288626827,0.285663647,0.288916921,0.2914503,0.291309722,0.289366543,0.290904404,0.298773986,0.29874827,0.30199917
LIE,Liechtenstein,0.540636168,0.540636168,0.540464858,0.540403197,0.540713433,0.54093966,0.5473095,0.555626364,0.559682147,0.568269484,0.57064582,0.575004635,0.587485776,0.599409843,0.617492571,0.622627533,0.627022978,0.627182026,0.628105326,0.632596433,0.624837895,0.626037003,0.629152232,0.630777814,0.633422885,0.638431404,0.633991996,0.638390467,0.638210927
LTU,Lithuania,0.444718772,0.445606456,0.44866212,0.450870441,0.445076259,0.445007761,0.455553128,0.470113485,0.476168922,0.479157825,0.500691094,0.541266824,0.549279366,0.555631036,0.55653014,0.558254927,0.556746994,0.568297011,0.575962891,0.598377801,0.589099791,0.575935633,0.571570731,0.577705897,0.584880876,0.588925268,0.592889925,0.592526059,0.598386526
LUX,Luxembourg,0.525755544,0.549655785,0.543041514,0.538293105,0.522978766,0.605279978,0.567988061,0.558744664,0.522016783,0.536324386,0.555160351,0.632589157,0.569526552,0.608723957,0.621883274,0.648206933,0.654838197,0.674478571,0.680335064,0.690653924,0.698401157,0.686141371,0.680164214,0.682297724,0.666267651,0.672232389,0.654803075,0.652827969,0.655116714
MKD,Macedonia,0.368539566,0.359045547,0.360238325,0.362060626,0.352293637,0.347145628,0.342511242,0.337293524,0.34665163,0.359749476,0.344741713,0.348179957,0.377997954,0.381147316,0.393508282,0.396699381,0.401015265,0.423232068,0.43376499,0.470742523,0.466544661,0.461884151,0.46389727,0.461784121,0.463309824,0.465777767,0.466916205,0.475972201,0.474219913
MDG,Madagascar,0.305712718,0.305214938,0.304437204,0.303337835,0.306895421,0.30802504,0.308387701,0.315183523,0.325503396,0.320368013,0.314908363,0.291043935,0.297817766,0.296815465,0.28045762,0.25411054,0.255228408,0.259407088,0.256459163,0.262481281,0.260522588,0.26189253,0.260710041,0.263465334,0.26219839,0.261984881,0.262695471,0.26404008,0.2607962
MWI,Malawi,0.306802442,0.306842667,0.311150202,0.317325405,0.316414124,0.315676034,0.310391864,0.305131994,0.316667563,0.317722514,0.315325495,0.30290021,0.301768617,0.297725466,0.298832672,0.279793162,0.281061484,0.277575815,0.270470667,0.261023689,0.259145243,0.279042932,0.27694555,0.272522865,0.278141401,0.288538946,0.291750769,0.286917678,0.286679102
MYS,Malaysia,0.394611105,0.398203694,0.392384834,0.390129613,0.39235486,0.396317669,0.405227251,0.415058097,0.423247007,0.425392613,0.415072868,0.423474783,0.418978551,0.412271679,0.424836031,0.450400819,0.450867256,0.478991784,0.494294861,0.524976877,0.5256266,0.500595702,0.486723208,0.49370521,0.502632394,0.502836235,0.500369657,0.503405099,0.505617252
MDV,Maldives,0.378943965,0.379069375,0.379560341,0.380015765,0.391693273,0.403668331,0.409365829,0.415561292,0.42562686,0.403205925,0.42645171,0.454580589,0.435793538,0.427582626,0.427184767,0.416676446,0.410242352,0.406203969,0.396339326,0.417275332,0.414235522,0.426288256,0.421961598,0.428448755,0.447442307,0.434452427,0.437396151,0.458935942,0.454602919
MLI,Mali,0.318948567,0.319031799,0.320939654,0.322563817,0.3214662,0.320125745,0.320713552,0.321881955,0.325358277,0.327770634,0.322842999,0.291081603,0.300283408,0.303320313,0.297729985,0.304992458,0.304943154,0.2787663,0.282760182,0.288927228,0.288619753,0.304429556,0.304126716,0.300998887,0.296534821,0.289434885,0.287394148,0.284098201,0.280865858
MLT,Malta,0.43611312,0.430411038,0.45702886,0.443387615,0.454454488,0.48028592,0.491539807,0.488647761,0.49506975,0.482722631,0.507858838,0.577691423,0.587309976,0.596522713,0.59096103,0.622545176,0.614456014,0.513008907,0.518856566,0.513559545,0.519743495,0.491435742,0.504443108,0.504308742,0.48810679,0.497766533,0.493950622,0.495737114,0.491827991
MHL,Marshall Islands,0.33763482,0.337715447,0.338159384,0.338639422,0.346968627,0.355340989,0.355396982,0.35558737,0.356548908,0.357355045,0.355004972,0.366333335,0.36965851,0.365549862,0.365205311,0.358037135,0.368268063,0.367010788,0.374628417,0.378108121,0.392236083,0.390459342,0.401039662,0.394862599,0.404477134,0.408038752,0.414541134,0.42153729,0.423376079
MRT,Mauritania,0.347940254,0.347792299,0.347892754,0.347753529,0.349403297,0.350705972,0.358669289,0.366788049,0.355514919,0.345524956,0.337508094,0.307326583,0.308629376,0.292014269,0.303794573,0.282512951,0.282128986,0.294932279,0.298183648,0.312346788,0.313469599,0.344620692,0.350429627,0.355760293,0.356226658,0.351319659,0.34921415,0.35277649,0.354413284
MUS,Mauritius,0.428815256,0.429553967,0.433941511,0.439364721,0.440605458,0.442146939,0.450015229,0.453995531,0.452516982,0.451912502,0.42914052,0.453313127,0.459664362,0.481350283,0.485603123,0.503109375,0.510593665,0.51593241,0.523002852,0.53646574,0.537479318,0.521214468,0.520729224,0.546007904,0.54765217,0.56463429,0.564624916,0.564566258,0.563975257
MEX,Mexico,0.351134582,0.351501783,0.357783992,0.36439131,0.371295843,0.378976709,0.384056532,0.388992674,0.387639347,0.386742082,0.397415312,0.474184578,0.475913901,0.475259439,0.479049443,0.50266631,0.50555482,0.513492184,0.514303818,0.373423188,0.370775795,0.368415884,0.368213431,0.367921451,0.363675798,0.362628821,0.357140056,0.359468581,0.361279365
FSM,"Micronesia, Federated States of",0.351976605,0.352019003,0.352670773,0.353669385,0.353724367,0.353643737,0.353907505,0.354127219,0.355916685,0.365608275,0.360753464,0.369941628,0.363919216,0.349385255,0.344184408,0.338812633,0.330562194,0.336269009,0.339150636,0.347161718,0.348914539,0.354505201,0.356369358,0.356886879,0.352949975,0.356655858,0.360222689,0.364199628,0.367056104
MDA,"Moldova, Republic of",0.421291371,0.424013562,0.428286741,0.424007821,0.41159255,0.400590485,0.425201782,0.39610699,0.412145141,0.411434269,0.432216339,0.394786717,0.410118438,0.405267718,0.382161378,0.392227061,0.396347388,0.396399122,0.395711161,0.405704812,0.396383845,0.411790595,0.415453652,0.420647478,0.426747627,0.426398883,0.436847866,0.436198806,0.439975159
MCO,Monaco,0.671682843,0.673376099,0.67475584,0.609411723,0.677308646,0.658158149,0.663817929,0.691309375,0.651704651,0.698175372,0.584341045,0.695341476,0.715841664,0.719178873,0.632923664,0.702789401,0.708736569,0.662468285,0.685380666,0.715331333,0.704357573,0.74361427,0.769030862,0.680410434,0.762680881,0.704551581,0.684678066,0.686470549,0.685146516
MNG,Mongolia,0.405464091,0.403733392,0.415263842,0.407939504,0.40560169,0.402610175,0.40974485,0.420427819,0.414530132,0.407607706,0.400814917,0.381569841,0.380979053,0.378510627,0.382882353,0.375960576,0.377697322,0.382710838,0.399905663,0.427265642,0.421248744,0.447854921,0.451620375,0.454104335,0.457798695,0.451829399,0.458228362,0.457079063,0.462281954
MNE,Montenegro,0.416342548,0.416342548,0.416342548,0.416342548,0.418963644,0.421584741,0.421845513,0.421088327,0.409320216,0.40931523,0.434892017,0.498641791,0.397474203,0.419836415,0.43007778,0.426846043,0.428318681,0.452050357,0.448146436,0.464555781,0.467931923,0.454959341,0.45385162,0.462659192,0.473267264,0.464279883,0.464807106,0.464621527,0.466109056
MAR,Morocco,0.35538361,0.35546268,0.361606678,0.366486219,0.360307349,0.354819593,0.352663035,0.350179229,0.342876299,0.349852681,0.339683207,0.352696391,0.356708322,0.360070744,0.367921717,0.369443283,0.35852115,0.367933809,0.375279038,0.405266629,0.409175618,0.407619685,0.408377221,0.410690963,0.417055678,0.426846437,0.426133974,0.430895895,0.430685302
MOZ,Mozambique,0.288254049,0.288263168,0.290984203,0.293709565,0.292131494,0.290558337,0.291380225,0.292254171,0.287537182,0.287136417,0.275432894,0.2738825,0.272177656,0.274690117,0.276586831,0.279575092,0.279455881,0.269014313,0.258447308,0.274535214,0.271197344,0.261702594,0.257311164,0.266179934,0.267968431,0.261703334,0.260996955,0.262889937,0.263459593
MMR,Myanmar,0.238578313,0.239158431,0.239278301,0.239388,0.238122807,0.23685836,0.238064816,0.237720422,0.238719213,0.231904022,0.259211612,0.328874321,0.327299884,0.330962046,0.328472631,0.35181478,0.361314023,0.381706274,0.193617757,0.217532804,0.228466742,0.267357402,0.270983652,0.273109516,0.272921625,0.285146454,0.262093162,0.256514618,0.252192755
NAM,Namibia,0.37948359,0.379092178,0.375836953,0.373621874,0.367094651,0.361040245,0.361508714,0.361108601,0.362210245,0.359030807,0.352173514,0.36172942,0.366264904,0.384042639,0.366211632,0.363144113,0.361762067,0.366450812,0.369458983,0.372578039,0.372493079,0.385601791,0.377485414,0.384293439,0.381232272,0.380098902,0.379327181,0.381532508,0.379761011
NRU,Nauru,0.537190008,0.537190008,0.538844134,0.54049826,0.539594783,0.538691306,0.538549718,0.53840813,0.538375637,0.536402804,0.531328478,0.540241336,0.518661154,0.501638025,0.512094913,0.535967139,0.518838835,0.521772107,0.47229047,0.389832411,0.507706269,0.526318274,0.531072848,0.562412125,0.553238411,0.560835446,0.563761917,0.574331229,0.57758384
NPL,Nepal,0.35217082,0.351329508,0.345586033,0.339866278,0.332421001,0.324955974,0.319097748,0.313390874,0.308800931,0.296080523,0.30640222,0.309937509,0.31111115,0.310044401,0.310018561,0.309855325,0.306439025,0.312214425,0.321880557,0.340909657,0.338904077,0.354067023,0.353691286,0.356248894,0.349488967,0.353373024,0.357501944,0.359538049,0.36209127
NLD,Netherlands,0.602324084,0.609450678,0.612319462,0.617448255,0.628654417,0.631509769,0.615878665,0.612845873,0.612670996,0.611495554,0.621721271,0.646889587,0.656725664,0.673092077,0.674948244,0.675710825,0.686153491,0.682657616,0.691141671,0.713008828,0.704316634,0.690118447,0.687708047,0.683268593,0.679905744,0.676697536,0.676770458,0.671572853,0.671325022
NZL,New Zealand,0.641978767,0.643639955,0.647290349,0.654308715,0.6577724,0.658525082,0.662925227,0.66508233,0.667826752,0.677450735,0.687522914,0.741291932,0.751508053,0.756114817,0.762504486,0.768388718,0.772528411,0.774602954,0.778016277,0.797306585,0.796172803,0.784777577,0.784991085,0.777803211,0.694188151,0.693786894,0.692678035,0.690153634,0.689671938
NIC,Nicaragua,0.318608067,0.318726961,0.316235665,0.315177047,0.316508892,0.318589716,0.324340294,0.330601984,0.328905754,0.33071154,0.322549943,0.291074879,0.29558748,0.29097964,0.285882182,0.272896128,0.276289749,0.288771522,0.297802558,0.300675739,0.305098074,0.302335491,0.303363824,0.277058627,0.270917059,0.272304869,0.268537165,0.269726968,0.279448898
NER,Niger,0.290619209,0.290620963,0.287937548,0.285256316,0.288752525,0.292243333,0.290673768,0.28914568,0.296373461,0.287837963,0.291377941,0.26191041,0.278464759,0.279657856,0.276802137,0.266444145,0.275379057,0.267559824,0.275979374,0.279037673,0.280413376,0.302971053,0.309352047,0.333147438,0.33998197,0.33394593,0.340278302,0.342344116,0.334762625
NGA,Nigeria,0.293480215,0.293479943,0.298782144,0.304088645,0.297391491,0.291148273,0.283916111,0.276807414,0.278258757,0.278531387,0.314910032,0.382770476,0.388262128,0.398430372,0.39400567,0.414731144,0.417106855,0.418750469,0.422124202,0.202130452,0.210040008,0.228811177,0.228059398,0.230296263,0.235427705,0.247068579,0.250501243,0.246340317,0.252553197
NOR,Norway,0.647135217,0.653516294,0.65795385,0.659297273,0.663400249,0.664675531,0.667966096,0.67221023,0.670418118,0.672880058,0.692726408,0.738306627,0.742157714,0.744255622,0.741593462,0.75661384,0.755881631,0.757847215,0.781230868,0.794670368,0.794546493,0.785295519,0.786752587,0.780148689,0.768698565,0.761059446,0.767289928,0.760907678,0.764780821
OMN,Oman,0.365484563,0.365540266,0.367140039,0.36913695,0.374846682,0.380471111,0.387403169,0.393732826,0.390870625,0.395230552,0.39175035,0.424386089,0.43361499,0.442148969,0.442250228,0.455535909,0.450550811,0.463345204,0.472246243,0.501034167,0.497946915,0.490059362,0.490098816,0.491581223,0.502193265,0.501533109,0.492646779,0.497823513,0.504192573
PAK,Pakistan,0.34127776,0.341279307,0.336123352,0.330978126,0.331686204,0.332526137,0.329413635,0.324571686,0.329911085,0.317707878,0.346438217,0.422397175,0.421287466,0.418492845,0.418088487,0.442126515,0.437613564,0.441579519,0.449258737,0.280391504,0.277767499,0.275427382,0.279305117,0.280361112,0.282250505,0.307171294,0.311176613,0.306824112,0.299420229
PLW,Palau,0.402380804,0.402380804,0.402932179,0.403483555,0.403182396,0.402881237,0.393270118,0.39330528,0.398509122,0.403255114,0.417660148,0.427145079,0.427687359,0.430150182,0.431241313,0.42737832,0.423714656,0.427743822,0.430412606,0.428949853,0.462924812,0.463544341,0.462568876,0.462774567,0.459014305,0.456105062,0.453561357,0.451711834,0.444756494
PAN,Panama,0.341262026,0.345108578,0.351390699,0.356703834,0.354633592,0.350122821,0.353042938,0.356296223,0.349371432,0.353329589,0.344967768,0.353233783,0.359591527,0.371193713,0.369500607,0.378599676,0.384250028,0.374523199,0.381084506,0.404901042,0.404988403,0.394324745,0.388182331,0.39109757,0.38021832,0.375065109,0.380841564,0.380564172,0.380230032
PNG,Papua New Guinea,0.294962536,0.29512373,0.298075372,0.301024708,0.298110946,0.295170501,0.289043478,0.282998567,0.281478339,0.278551639,0.261802876,0.261416241,0.267491716,0.263881092,0.260372608,0.271084067,0.271470046,0.274245564,0.274487135,0.290918739,0.279749697,0.289258424,0.285436069,0.289697487,0.281268852,0.286815776,0.281126578,0.286150921,0.291471114
PRY,Paraguay,0.276165952,0.276576114,0.272380493,0.269298044,0.266865066,0.264664778,0.265163735,0.267775308,0.273352003,0.282019414,0.284032669,0.266922481,0.27565785,0.302051732,0.304559733,0.305165686,0.312752798,0.314839558,0.317479777,0.341037108,0.345820334,0.364644728,0.362644805,0.362402013,0.358639023,0.363470272,0.357266388,0.356996873,0.36101626
PER,Peru,0.350566131,0.350115704,0.354077886,0.331423354,0.329353847,0.326717532,0.324648576,0.323897385,0.328910482,0.334319718,0.328968164,0.347069225,0.347920181,0.355472845,0.34775327,0.361082793,0.373771196,0.375009451,0.381699509,0.393666738,0.395805,0.401273223,0.394562037,0.396872759,0.401287132,0.397150647,0.386539261,0.384516271,0.38853003
PHL,Philippines,0.326489124,0.327260886,0.329599941,0.332546707,0.318604078,0.304974722,0.308372799,0.311466514,0.298110634,0.290480011,0.302043111,0.288938994,0.289698381,0.283306738,0.282788749,0.289142275,0.300983679,0.315787322,0.327185207,0.344970247,0.338889821,0.326243833,0.328845373,0.323077745,0.32628708,0.336423421,0.336259704,0.347039437,0.355934777
POL,Poland,0.449874429,0.450343252,0.453284974,0.454418516,0.45080024,0.450423919,0.45210906,0.457131159,0.453612806,0.445234024,0.449805378,0.447453717,0.460602093,0.475992271,0.483894898,0.49431192,0.509012443,0.519334518,0.538548464,0.564958227,0.571327514,0.557170873,0.553112386,0.553836089,0.542298831,0.540544716,0.532699712,0.532439136,0.536466126
PRT,Portugal,0.445882631,0.448837148,0.449642729,0.454146331,0.455336899,0.455908898,0.463295043,0.470633014,0.469868615,0.466602071,0.466232816,0.473437625,0.492310546,0.510075103,0.515518805,0.517438054,0.527106711,0.548019982,0.558281768,0.579204903,0.592743792,0.571536877,0.577037437,0.576206538,0.574246206,0.571202684,0.573299396,0.575623917,0.573929157
QAT,Qatar,0.375237845,0.377136447,0.389799678,0.399582667,0.401795216,0.405276352,0.40806438,0.411477971,0.4140529,0.413929862,0.442821641,0.51667557,0.516598495,0.461582861,0.480394094,0.486779625,0.47102684,0.482806061,0.499534012,0.502268671,0.498342402,0.499750227,0.495294886,0.499930514,0.506946574,0.53515253,0.5368028,0.543022679,0.543043146
ROU,Romania,0.380052558,0.384078267,0.381916694,0.372249369,0.366946513,0.36710368,0.375323267,0.389494549,0.381569169,0.388418365,0.397477299,0.386545789,0.421488533,0.443811177,0.454584736,0.430881325,0.417631126,0.392763817,0.402225115,0.420270437,0.433805652,0.427506466,0.430277754,0.436515537,0.420628429,0.433175635,0.435735028,0.439010989,0.440681798
RUS,Russian Federation,0.38685871,0.388825002,0.386503492,0.395836357,0.407280581,0.414511625,0.429952136,0.443231246,0.446030773,0.437238523,0.468221362,0.548473752,0.555692404,0.570565493,0.55878655,0.59421229,0.590951892,0.601578675,0.609037109,0.482963602,0.506992649,0.526157739,0.523086659,0.532829321,0.539999805,0.529528354,0.515107483,0.494821146,0.4914391
RWA,Rwanda,0.24599131,0.24599471,0.244985509,0.243982793,0.247106658,0.250462726,0.256878764,0.26323168,0.27675986,0.283777354,0.265831905,0.262748291,0.275220545,0.289249193,0.309663426,0.341910063,0.350776795,0.35195579,0.356396659,0.387462554,0.385878032,0.40167948,0.407923901,0.412638855,0.410794757,0.422191369,0.425814849,0.428509834,0.432686998
KNA,Saint Kitts and Nevis,0.429374264,0.42992251,0.431240228,0.432801015,0.433771926,0.435027673,0.436289549,0.443454858,0.453209309,0.46153975,0.526573204,0.497984661,0.491370807,0.501943429,0.522636936,0.547311061,0.552050872,0.557555868,0.566888468,0.523877004,0.556056462,0.546166232,0.563546759,0.543295447,0.544181904,0.548619698,0.54973474,0.553713569,0.553220892
LCA,Saint Lucia,0.440271363,0.440579335,0.436250844,0.431947212,0.438082593,0.444743975,0.438994799,0.434603136,0.451912405,0.451971154,0.506297849,0.461206529,0.453652963,0.460114588,0.464093008,0.465233463,0.466629935,0.458014234,0.464547903,0.460309347,0.464867427,0.467657237,0.458913179,0.453665357,0.445187666,0.44863191,0.445762024,0.452109187,0.450559294
VCT,Saint Vincent and the Grenadines,0.41678193,0.4171594,0.418687584,0.420362339,0.421827843,0.422905649,0.418547825,0.413773533,0.427568441,0.432786002,0.490713449,0.466694314,0.460729962,0.467371296,0.471499951,0.48042634,0.492443064,0.491677998,0.478178476,0.487803627,0.48908094,0.478164843,0.473853012,0.477671051,0.479948884,0.490850504,0.494792571,0.503570169,0.503914023
WSM,Samoa,0.361907454,0.361939618,0.362423808,0.3629054,0.363927428,0.360850397,0.361762348,0.362604731,0.365319943,0.358052695,0.368544868,0.388611126,0.388354366,0.384341314,0.374735167,0.391525416,0.403365681,0.406950294,0.413589229,0.429442504,0.42917847,0.426757283,0.436074377,0.432638165,0.434463332,0.431968706,0.427651196,0.430228249,0.430634645
SMR,San Marino,0.562812466,0.563238464,0.563952089,0.566629893,0.580151022,0.583836786,0.584917217,0.585424428,0.585261197,0.585625435,0.604535539,0.677103791,0.678898189,0.686643589,0.693519819,0.716093967,0.708786242,0.711005148,0.616887538,0.577159051,0.633913027,0.632101283,0.634177018,0.629401813,0.623941819,0.640300279,0.642785041,0.643690501,0.643942934
STP,Sao Tome and Principe,0.397883316,0.397890626,0.398314535,0.398555695,0.397923761,0.39844519,0.395532533,0.392676085,0.379938956,0.373928432,0.318161795,0.302017011,0.302248856,0.304820869,0.307352674,0.309609877,0.30931111,0.339007578,0.34033145,0.351667014,0.35436087,0.356765161,0.359501508,0.359360733,0.358273383,0.35947633,0.368148777,0.370455617,0.369562179
SAU,Saudi Arabia,0.298057901,0.298245032,0.300468883,0.301515838,0.306199599,0.309279613,0.314455405,0.321269452,0.32578799,0.314147064,0.34210571,0.361946125,0.373744317,0.403223321,0.4065276,0.427518171,0.413205404,0.426528919,0.447958944,0.468893849,0.470786676,0.497167022,0.49906585,0.503667722,0.505876321,0.542634882,0.552078882,0.562994925,0.572809529
SEN,Senegal,0.335313119,0.335335846,0.3345402,0.333808264,0.33702122,0.340527086,0.345971004,0.350614072,0.34051467,0.349042228,0.332726491,0.292084086,0.293084108,0.293973943,0.31681674,0.292379831,0.292378632,0.303598744,0.308291549,0.312393138,0.318347277,0.331361757,0.329726846,0.341534143,0.346501895,0.346796945,0.347685583,0.350852993,0.352651289
SRB,Serbia,0.327901663,0.327901663,0.318545205,0.309188747,0.312737228,0.316285709,0.33176053,0.346160312,0.354004346,0.360938026,0.339577875,0.354998907,0.367242795,0.371955745,0.371360806,0.375886646,0.37722206,0.376732297,0.396183912,0.416920278,0.408610382,0.412240713,0.44155061,0.445817898,0.446411409,0.439285398,0.441197666,0.444575636,0.448903273
SYC,Seychelles,0.435171128,0.435634703,0.436781456,0.438077439,0.442559942,0.444534461,0.444066186,0.443109468,0.445140954,0.422725165,0.450888665,0.423902676,0.423884582,0.425239952,0.419461208,0.415238604,0.416231936,0.414149562,0.424298148,0.429101856,0.453616642,0.442523762,0.461315091,0.460921628,0.46739117,0.467264974,0.474772587,0.476992458,0.473639131
SLE,Sierra Leone,0.266799534,0.266801839,0.264548599,0.26229681,0.263947334,0.265639033,0.27529539,0.284631324,0.282402021,0.294304304,0.275496193,0.241663887,0.248472754,0.243388191,0.261875818,0.242482196,0.25246816,0.259331257,0.268092783,0.278167426,0.282964052,0.295689579,0.307089056,0.305466893,0.304904441,0.301298835,0.301557524,0.298633546,0.296500008
SGP,Singapore,0.562077572,0.574888746,0.583810981,0.586154818,0.599513481,0.625476142,0.628377884,0.64448067,0.642992778,0.654240865,0.652899628,0.711413927,0.726710031,0.736235112,0.719481816,0.749986025,0.764401024,0.772815588,0.784803599,0.807202012,0.804161373,0.784514312,0.790233767,0.793975722,0.79519926,0.797506807,0.802470675,0.801251912,0.800123608
SVK,Slovakia,0.425984642,0.421572776,0.424941059,0.426012479,0.428144473,0.433202325,0.439278502,0.450339152,0.456405292,0.461527432,0.475855036,0.499299451,0.51183923,0.511064373,0.510918652,0.505445521,0.506037891,0.499440908,0.504760566,0.510489507,0.498799617,0.500812165,0.498567459,0.505659137,0.505653256,0.509914126,0.504607514,0.502275378,0.50048785
SVN,Slovenia,0.531807186,0.528826693,0.52776864,0.538449733,0.528115684,0.530972817,0.538297932,0.543974207,0.545226896,0.559066329,0.566118443,0.56355032,0.573884708,0.568868597,0.593789943,0.615596623,0.623268472,0.624395004,0.623388709,0.631261254,0.622000012,0.616671882,0.607322899,0.601720677,0.601453839,0.592287117,0.591165749,0.589422267,0.593117116
SLB,Solomon Islands,0.457729221,0.457729221,0.458776301,0.459823382,0.435351562,0.410879742,0.408839981,0.40680022,0.426557653,0.38664325,0.366962085,0.368741929,0.360157382,0.363317168,0.363727527,0.353434566,0.359345998,0.356768657,0.373661703,0.384356218,0.407704248,0.402901309,0.412519533,0.40795082,0.409134823,0.411642874,0.396175776,0.397846679,0.399086713
SOM,Somalia,0.266956849,0.266956849,0.274601446,0.282246043,0.284241266,0.286236488,0.28762999,0.289023491,0.27012237,0.241574817,0.283305287,0.374499609,0.367346867,0.358778671,0.368117024,0.411622701,0.413752536,0.425058123,0.433252282,0.453548057,0.457628029,0.356370981,0.35360564,0.356799119,0.351150491,0.353597945,0.351048357,0.35583135,0.361021732
ZAF,South Africa,0.371983866,0.370316921,0.364947304,0.362022259,0.363194042,0.371331718,0.37023325,0.368608087,0.367713081,0.370642623,0.366978376,0.367434647,0.363047482,0.361405792,0.361562618,0.351178442,0.350324496,0.350874696,0.364064347,0.37111926,0.362667723,0.381578751,0.364199683,0.358256409,0.358329623,0.355510249,0.361004054,0.355481553,0.356825778
ESP,Spain,0.477369801,0.482609144,0.486569798,0.491299607,0.501385807,0.514035637,0.513319112,0.516232689,0.514901086,0.514528638,0.523490135,0.53161937,0.534042048,0.53625378,0.52751508,0.519649104,0.525981038,0.528322474,0.526590165,0.53269469,0.536631403,0.53637115,0.540456247,0.53525103,0.533233806,0.527647503,0.530667493,0.526922216,0.524970122
LKA,Sri Lanka,0.354440095,0.352810842,0.354309476,0.354607725,0.351696415,0.346469524,0.355645928,0.363916949,0.358951232,0.356989471,0.338623005,0.336047664,0.335139573,0.336478376,0.334141059,0.328511761,0.331581056,0.336944461,0.35184981,0.368476181,0.38520662,0.386214208,0.382642025,0.383747245,0.394787097,0.394922128,0.389331832,0.378254439,0.384242
SDN,Sudan,0.273979157,0.273989674,0.277550632,0.28112784,0.281841884,0.282656395,0.289462773,0.296213814,0.28558897,0.295380776,0.257376299,0.241215544,0.240085777,0.239315289,0.248698194,0.2383868,0.23959156,0.235893033,0.243058845,0.245091168,0.242929789,0.257730408,0.260826684,0.265157474,0.263508898,0.261932242,0.25930509,0.252984039,0.238561447
SUR,Suriname,0.368333858,0.368442761,0.371369262,0.374241748,0.373150899,0.372490902,0.37243435,0.371840067,0.377001825,0.371624825,0.393444246,0.312777998,0.313459902,0.318678499,0.31545463,0.305207455,0.309000103,0.309517024,0.314427974,0.316250005,0.322527592,0.321595368,0.333086947,0.329484229,0.325257475,0.326108884,0.331541322,0.329513359,0.332489137
SWZ,Swaziland,0.367872212,0.367900546,0.368463965,0.36909807,0.367872392,0.366866389,0.366105388,0.365277136,0.366805041,0.355976582,0.370294411,0.320654445,0.319950705,0.324332329,0.323237045,0.305838228,0.302251854,0.304273744,0.312939231,0.318933459,0.318393401,0.323068877,0.333579817,0.3219675,0.315611501,0.321926149,0.308118365,0.307235952,0.306077891
SWE,Sweden,0.619773654,0.623016922,0.626876391,0.62917478,0.639824625,0.644612532,0.651370371,0.661629468,0.665740058,0.670274302,0.677287273,0.719052985,0.722746605,0.723124092,0.721989073,0.739199771,0.74632654,0.744714796,0.745479515,0.752756402,0.755308235,0.7404001,0.736031473,0.727341097,0.723817748,0.718274183,0.721817371,0.717181337,0.713544864
CHE,Switzerland,0.611374279,0.612477669,0.61729078,0.622404829,0.629392279,0.636426946,0.6389657,0.641792248,0.638545773,0.639443902,0.651485964,0.694159506,0.70421348,0.704609196,0.697950413,0.712438914,0.70849239,0.709506199,0.717046252,0.727845982,0.725901489,0.711308061,0.701685718,0.697286694,0.69659877,0.691759476,0.689049206,0.68953538,0.691330059
SYR,Syrian Arab Republic,0.312331257,0.311635484,0.312241934,0.311056414,0.310041381,0.312012607,0.32116985,0.331998511,0.323669171,0.31905946,0.312651804,0.294243531,0.298628103,0.297304314,0.319422926,0.312883477,0.289111822,0.264999678,0.263149881,0.254571537,0.247726103,0.249641763,0.232660066,0.229264101,0.225522167,0.22260284,0.226641364,0.222575054,0.224077142
TJK,Tajikistan,0.281889161,0.281028039,0.283626711,0.28763215,0.292230134,0.297392489,0.305366892,0.308622475,0.311493782,0.30303915,0.325708088,0.251809188,0.258796745,0.262723576,0.261538011,0.248543788,0.258345801,0.252532885,0.254815977,0.272465797,0.278353476,0.31157566,0.311266614,0.322377546,0.326037173,0.328982762,0.331399866,0.327550417,0.331361071
TZA,"Tanzania, United Republic of",0.327936953,0.327967767,0.329161734,0.330271246,0.326559425,0.322834293,0.323361451,0.323929375,0.318593024,0.324961881,0.314383791,0.301501317,0.299841686,0.299650394,0.301880432,0.28816891,0.291616876,0.29358481,0.293520754,0.295428127,0.295802228,0.30643506,0.300618975,0.295967399,0.298512335,0.297361839,0.299898551,0.306050714,0.312186766
THA,Thailand,0.390766055,0.392032689,0.398169016,0.406239028,0.410887446,0.411170183,0.409153313,0.407367396,0.402843279,0.391313921,0.398511298,0.389252899,0.389540912,0.394256037,0.407754822,0.415497172,0.417446541,0.424498089,0.435085149,0.451171304,0.448900566,0.441232393,0.444765946,0.455636067,0.466064925,0.47710794,0.479817483,0.484251167,0.48886803
TLS,Timor-Leste,0.364445928,0.364445928,0.364445928,0.364445928,0.364445928,0.364445928,0.364445928,0.364445928,0.365657184,0.366975559,0.305162893,0.291966668,0.294226225,0.307330689,0.325940703,0.361147958,0.371678921,0.374484639,0.377758266,0.393076526,0.408578429,0.404146725,0.392288607,0.388667839,0.391894383,0.380386223,0.382656302,0.383467103,0.38427517
TGO,Togo,0.305577922,0.305572817,0.301581471,0.297580112,0.300576242,0.303602356,0.30522408,0.306891756,0.300607832,0.293075146,0.267748327,0.251909512,0.260281556,0.260254026,0.257744232,0.258113869,0.256220946,0.255443838,0.260274294,0.279127264,0.290347856,0.310350719,0.304722735,0.308111084,0.322265892,0.347530238,0.353248663,0.356500129,0.356496669
TON,Tonga,0.356653322,0.356925044,0.357474857,0.358381579,0.358306786,0.360666116,0.360277683,0.368086101,0.348193568,0.356544404,0.334229786,0.350059746,0.355857617,0.363874226,0.36812258,0.393626076,0.398693948,0.399449924,0.405368345,0.414181445,0.409150136,0.411915995,0.416647575,0.421154789,0.419163207,0.418873135,0.43047274,0.442666968,0.453548907
TTO,Trinidad and Tobago,0.406704308,0.400729098,0.404599287,0.40421659,0.397681479,0.392080363,0.389683559,0.38750007,0.383816667,0.386427773,0.407009247,0.324105489,0.331137259,0.331114924,0.32891656,0.337923575,0.343860403,0.34019068,0.346404357,0.355328576,0.359357095,0.347377576,0.348272532,0.340632399,0.335351457,0.336460903,0.339479027,0.340050253,0.338371787
TUN,Tunisia,0.3633899,0.364768209,0.366105729,0.367899569,0.37123207,0.372883171,0.379353393,0.387117818,0.391109342,0.394086779,0.396143034,0.420492935,0.417710123,0.422205448,0.428228062,0.426015454,0.428488015,0.420680785,0.419680261,0.434206137,0.428289498,0.416849983,0.419159021,0.418321811,0.426934973,0.437828445,0.430714519,0.432208468,0.427891185
TUR,Turkey,0.33649222,0.337762733,0.339802891,0.340654568,0.345848751,0.351035341,0.347929451,0.345898494,0.357001286,0.358862186,0.382008937,0.383846213,0.393452331,0.404226564,0.40609684,0.414106423,0.417450211,0.424092657,0.438426694,0.455733596,0.454484133,0.435215256,0.450745324,0.452952845,0.468523329,0.478415058,0.48194995,0.480984509,0.48061292
TKM,Turkmenistan,0.257800996,0.257848693,0.248768391,0.240097018,0.238485163,0.236610123,0.238264408,0.239813263,0.241258622,0.220539453,0.224305868,0.20835669,0.223734996,0.235608045,0.236218531,0.233085924,0.232557949,0.240965621,0.238748645,0.240220391,0.235228879,0.227934763,0.235191311,0.238838424,0.23682343,0.23620167,0.234309731,0.239195883,0.239674175
TUV,Tuvalu,0.633689317,0.633689317,0.635343443,0.636997569,0.636094092,0.635190615,0.635049027,0.634907439,0.634874946,0.635732538,0.596423972,0.571215477,0.554167657,0.541108016,0.549709477,0.540104448,0.533345433,0.504313743,0.499106536,0.541228271,0.550426724,0.564131195,0.550584568,0.571837398,0.582488619,0.598872819,0.615883569,0.623509707,0.630671118
UGA,Uganda,0.3056786,0.305798835,0.304121777,0.302463351,0.293954787,0.288259229,0.28842763,0.28881972,0.291581109,0.297344357,0.287782144,0.274124089,0.277851307,0.279847497,0.274966955,0.265367216,0.271500549,0.260175357,0.257757904,0.263164434,0.265617385,0.292585235,0.297720696,0.292862935,0.285528231,0.282342538,0.281262676,0.284046754,0.283406891
UKR,Ukraine,0.350314658,0.347582789,0.355657327,0.360569777,0.367416116,0.371475702,0.387700292,0.345905336,0.353729011,0.378157311,0.369758072,0.320955424,0.332550228,0.330924933,0.31882162,0.31529917,0.318090488,0.31827092,0.330693243,0.354373112,0.361399103,0.398171036,0.40392375,0.411542069,0.422447854,0.420039019,0.418516853,0.405460156,0.414040726
ARE,United Arab Emirates,0.401264608,0.401737718,0.402211356,0.403010039,0.408250434,0.414482333,0.429626079,0.443744658,0.429650298,0.431578789,0.442962219,0.481906239,0.489731056,0.491891566,0.487685377,0.514061241,0.527979247,0.536174987,0.561676742,0.585577525,0.583881313,0.568375503,0.575282911,0.576472405,0.579317958,0.580498225,0.582971859,0.58756576,0.587110079
GBR,United Kingdom,0.611416413,0.61334546,0.616680092,0.620347631,0.624491135,0.625410733,0.623309476,0.626938217,0.623505954,0.621991621,0.618323182,0.664924979,0.665114821,0.662577343,0.653307401,0.678808696,0.675792165,0.678966908,0.686232444,0.711935177,0.717315033,0.701582472,0.696383569,0.687887005,0.690621136,0.681941172,0.681962677,0.685662141,0.681322595
USA,United States,0.614018569,0.615769778,0.615451078,0.61624897,0.621943225,0.628639755,0.626648092,0.625322592,0.622106992,0.619504935,0.641462842,0.716641912,0.717558301,0.725584635,0.71844686,0.743429494,0.745158113,0.749563254,0.749284514,0.683961449,0.682307996,0.669964235,0.669526151,0.665879302,0.651692611,0.645656266,0.648828698,0.647666026,0.647312557
URY,Uruguay,0.414241097,0.412939286,0.417368993,0.418881959,0.41752906,0.418541236,0.418740702,0.41562427,0.418712225,0.407320144,0.406782265,0.402595884,0.415272871,0.415604597,0.428159688,0.439365467,0.440246831,0.459261348,0.475734662,0.494816798,0.489888062,0.484974575,0.485371357,0.489937556,0.490788767,0.496153921,0.507714033,0.511292902,0.506872812
UZB,Uzbekistan,0.296700073,0.294212818,0.289058322,0.284062568,0.285918252,0.287132528,0.301421565,0.313707481,0.314921995,0.29564006,0.269244819,0.231099422,0.244962447,0.254663376,0.251356722,0.238139132,0.236795069,0.246448101,0.260905013,0.286810565,0.292456442,0.330012959,0.338834828,0.374308916,0.381851676,0.382932666,0.406749171,0.418379872,0.427919219
VUT,Vanuatu,0.358099748,0.35812492,0.359055517,0.360007309,0.36544501,0.371494828,0.37134151,0.372661239,0.36813332,0.351665018,0.368243028,0.375462063,0.368926746,0.365088961,0.37357769,0.362383525,0.360937738,0.358838888,0.361383353,0.370781241,0.353380683,0.363349715,0.376375749,0.369523949,0.36651841,0.365321602,0.376866797,0.376206823,0.372611604
VEN,"Venezuela, Bolivarian Republic o",0.293383977,0.292728446,0.292397756,0.291147496,0.291710556,0.292019741,0.282600292,0.26762749,0.261369323,0.263718248,0.266295719,0.239418031,0.236605321,0.241208514,0.231902442,0.216998255,0.219919934,0.218323739,0.215721945,0.20535804,0.199586584,0.209916371,0.201393875,0.188573202,0.189229323,0.182375806,0.183713546,0.190475904,0.191710939
VNM,Viet Nam,0.345707858,0.346458531,0.346916866,0.347388257,0.347130599,0.345841676,0.341605162,0.33747336,0.338289769,0.338012872,0.355963494,0.362095962,0.367970582,0.366009346,0.36647473,0.347145047,0.354344383,0.354758182,0.363947256,0.372895436,0.377618812,0.398048643,0.399955571,0.404694243,0.41272282,0.422942295,0.424979042,0.429338811,0.429317148
YEM,Yemen,0.284646491,0.284653239,0.281637838,0.27996101,0.280879081,0.280427147,0.278180049,0.276222974,0.27873034,0.275243332,0.28372177,0.28343078,0.288170808,0.281887084,0.296745163,0.298342843,0.288498946,0.298559525,0.280186104,0.277046221,0.266220003,0.256300444,0.251599313,0.244169122,0.242631691,0.241169884,0.238716636,0.24149812,0.242095473
ZMB,Zambia,0.309835243,0.309919785,0.312083668,0.314254627,0.314980816,0.315842081,0.316696984,0.317455586,0.331934412,0.314871446,0.30433128,0.300721891,0.306565956,0.313373887,0.311440553,0.304205017,0.311530817,0.317825743,0.318183725,0.330020173,0.31824959,0.333313337,0.331971721,0.332568923,0.324927159,0.318957296,0.325279359,0.333745949,0.335375169
ZWE,Zimbabwe,0.277843267,0.276541948,0.272106242,0.267671382,0.248192861,0.228700519,0.221994316,0.215278949,0.219887317,0.213767223,0.201871335,0.197788064,0.192086816,0.178756393,0.17059684,0.161775823,0.160166715,0.170763866,0.1759394,0.182266632,0.192495252,0.207625604,0.209452793,0.213752036,0.210518992,0.212764561,0.218632069,0.22014937,0.220661284
